Obj,Risk,Return,ActualReturn,NumAssets
0.00333231712813993,0.00135286486919896,0.00333231712813993,0.0706497562287034,1
0.00332104325422994,0.00135286486919896,0.00333231712813993,0.0706497562287034,1
0.00330976938031995,0.00135286486919896,0.00333231712813993,0.0706497562287034,1
0.00329849550640996,0.00135286486919896,0.00333231712813993,0.0706497562287034,1
0.00328722163249996,0.00135286486919896,0.00333231712813993,0.0706497562287034,1
0.00327594775858997,0.00135286486919896,0.00333231712813993,0.0706497562287034,1
0.00326467388467998,0.00135286486919896,0.00333231712813993,0.0706497562287034,1
0.00325340001076999,0.00135286486919896,0.00333231712813993,0.0706497562287034,1
0.00324212613686,0.00135286486919896,0.00333231712813993,0.0706497562287034,1
0.00323085226295001,0.00135286486919896,0.00333231712813993,0.0706497562287034,1
0.00321957838904002,0.00135286486919896,0.00333231712813993,0.0706497562287034,1
0.00320830451513003,0.00135286486919896,0.00333231712813993,0.0706497562287034,1
0.00319703064122003,0.00135286486919896,0.00333231712813993,0.0706497562287034,1
0.00318575676731004,0.00135286486919896,0.00333231712813993,0.0706497562287034,1
0.00317448289340005,0.00135286486919896,0.00333231712813993,0.0706497562287034,1
0.00316320901949006,0.00135286486919896,0.00333231712813993,0.0706497562287034,1
0.00315193514558007,0.00135286486919896,0.00333231712813993,0.0706497562287034,1
0.00314066127167008,0.00135286486919896,0.00333231712813993,0.0706497562287034,1
0.00312938739776009,0.00135286486919896,0.00333231712813993,0.0706497562287034,1
0.00311811352385009,0.00135286486919896,0.00333231712813993,0.0706497562287034,1
0.0031068396499401,0.00135286486919896,0.00333231712813993,0.0706497562287034,1
0.00309556577603011,0.00135286486919896,0.00333231712813993,0.0706497562287034,1
0.00308429190212012,0.00135286486919896,0.00333231712813993,0.0706497562287034,1
0.00307301802821013,0.00135286486919896,0.00333231712813993,0.0706497562287034,1
0.00306174415430014,0.00135286486919896,0.00333231712813993,0.0706497562287034,1
0.00305047028039015,0.00135286486919896,0.00333231712813993,0.0706497562287034,1
0.00303919640648016,0.00135286486919896,0.00333231712813993,0.0706497562287034,1
0.00302792253257016,0.00135286486919896,0.00333231712813993,0.0706497562287034,1
0.00301664865866017,0.00135286486919896,0.00333231712813993,0.0706497562287034,1
0.00300537478475018,0.00135286486919896,0.00333231712813993,0.0706497562287034,1
0.00299410091084019,0.00135286486919896,0.00333231712813993,0.0706497562287034,1
0.0029828270369302,0.00135286486919896,0.00333231712813993,0.0706497562287034,1
0.00297155316302021,0.00135286486919896,0.00333231712813993,0.0706497562287034,1
0.00296027928911022,0.00135286486919896,0.00333231712813993,0.0706497562287034,1
0.00294900541520022,0.00135286486919896,0.00333231712813993,0.0706497562287034,1
0.00293773154129023,0.00135286486919896,0.00333231712813993,0.0706497562287034,1
0.00292645766738024,0.00135286486919896,0.00333231712813993,0.0706497562287034,1
0.00291518379347025,0.00135286486919896,0.00333231712813993,0.0706497562287034,1
0.00290390991956026,0.00135286486919896,0.00333231712813993,0.0706497562287034,1
0.00289183338378239,0.00133297416020515,0.00332504998584906,0.0700715734269937,2
0.00287950561385815,0.00130208070016877,0.0033135325139144,0.0691552291577798,2
0.00286749443870135,0.00127341199369065,0.00330257686987899,0.0682835846090153,2
0.00285577724440005,0.00124675908222443,0.0032921429231786,0.0674534469435253,2
0.00284433352066199,0.00122193699254719,0.00328219427632474,0.0666619203322441,2
0.00283314462176697,0.00119878150615783,0.0032726978406915,0.0659063722032939,2
0.0028221935593921,0.00117714642525893,0.00326362346886419,0.065184403991186,2
0.00281146482245998,0.00115690124995418,0.00325494363494242,0.0644938257013436,2
0.00280094421998492,0.00113792919745709,0.00324663315565561,0.0638326337217072,2
0.00279061874356334,0.00112012550693938,0.00323866894633909,0.0631989914078891,2
0.00278043709763311,0.00110311159391145,0.00323087433181362,0.0625835472838776,3
0.00276956599981298,0.00108072069621157,0.00321986628990113,0.0618189314798799,3
0.00275894685629786,0.00105963077555042,0.00320928993590678,0.0610843006093723,3
0.00274856513126245,0.00103974284652905,0.00319912036475837,0.0603779247723459,3
0.00273840738592489,0.00102096716623449,0.00318933455101179,0.0596982046272827,3
0.00272846117696863,0.00100322221742832,0.00317991117481137,0.059043659302407,3
0.0027187149660456,0.000986433819907267,0.00317083046683643,0.0584129156257086,3
0.00270915803897544,0.00097053435189674,0.00316207406986059,0.0578046985088923,3
0.00269978043345012,0.000955462066176381,0.0031536249148839,0.0572178223435432,3
0.00269057287421731,0.000941160487989342,0.00314546711007883,0.0566511832873441,3
0.00268152671485536,0.000927577883744734,0.00313758584102985,0.056103752334745,3
0.00267263388537072,0.000914666791156914,0.00312996728094918,0.0555745690805658,3
0.00266388684494976,0.000902383602833796,0.00312259850972361,0.0550627360970155,3
0.00265527853928295,0.000890688196476174,0.00311546744079564,0.05456741385487,3
0.00264680236195341,0.000879543605818711,0.00310856275500824,0.0540878161283481,3
0.00263833696361061,0.000867877302823017,0.00310120485844955,0.0536245231532319,4
0.00262965975505194,0.000853448987738194,0.00309194462341012,0.053179677133437,4
0.00262116007601522,0.000839645319160903,0.00308296500155371,0.05274831129606,4
0.00261282997741737,0.000826430060943674,0.00307425342811092,0.0523298220508436,4
0.00260466197776846,0.00081376958761411,0.00306579807741645,0.0519236413128394,4
0.00259664902928808,0.000801632660978655,0.00305758780935081,0.05152923392956,4
0.00258878448692617,0.000789990228765579,0.00304961212037276,0.05114609532866,4
0.00258106208000165,0.000778815242853309,0.00304186109868986,0.050773749364405,4
0.00257347588620464,0.000768082494933634,0.00303432538316482,0.0504117463436016,4
0.00256602030773537,0.000757768467721641,0.00302699612559937,0.0500596612137791,4
0.00255869004937786,0.000747851200051411,0.00301986495607623,0.0497170918982761,4
0.00255148009832763,0.000738310164393718,0.00301292395107371,0.0493836577645199,4
0.00254438570561203,0.000729126155503467,0.00300616560409756,0.0490589982132309,4
0.00253740236895829,0.000720281189054078,0.00299958279860132,0.0487427713775598,4
0.0025305258169794,0.00071175840924646,0.0029931687829896,0.0484346529222906,4
0.00252375199456113,0.000703542004494397,0.00298691714751995,0.0481343349342434,4
0.00251707704934497,0.0006956171303881,0.00298082180293704,0.0478415248958973,4
0.00251049731921231,0.000687969839225481,0.0029748769606895,0.0475559447350413,4
0.00250400932068448,0.000680587015477863,0.00296907711459435,0.0472773299439622,4
0.00249760973816131,0.000673456316624786,0.00296341702382679,0.0470054287623067,4
0.00249129541392836,0.000666566118852522,0.00295789169712513,0.0467400014183097,4
0.00248506333886949,0.000659905467163857,0.00295249637811056,0.0464808194235833,4
0.00247891064382748,0.000653464029493589,0.00294722653163122,0.0462276649171062,4
0.00247283459156035,0.000647232054465652,0.00294207783104795,0.0459803300544563,4
0.00246683256924624,0.000641200332464708,0.00293704614638703,0.0457386164386847,4
0.00246090208149348,0.0006353601597277,0.00293212753329152,0.0455023345895597,4
0.00245504074381668,0.000629703305190094,0.00292731822270925,0.045271303448193,4
0.00244924627654301,0.000624221979847438,0.00292261461126065,0.0450453499143289,4
0.00244351649911585,0.000618908808416086,0.00291801325223485,0.0448243084138096,4
0.00243784932476596,0.000613756803097596,0.0029135108471666,0.0446080204939468,4
0.00243224275552278,0.000608759339269884,0.00290910423795086,0.0443963344447192,4
0.00242669487754084,0.000603910132944765,0.00290479039945545,0.0441891049438965,4
0.00242120385671823,0.000599203219846415,0.00290056643259536,0.0439861927243409,4
0.00241576793458609,0.000594632935978621,0.00289642955783548,0.0437874642618895,4
0.00241038542444983,0.000590193899560741,0.0028923771090911,0.0435927914823453,4
0.00240505470776412,0.000585880994223051,0.00288840652799814,0.0434020514862263,4
0.00239977423072543,0.00058168935336191,0.00288451535852702,0.0432151262900296,4
0.00239454250106703,0.000577614345563996,0.00288070124191673,0.0430319025828665,4
0.00238935808504243,0.000573651561016704,0.00287696191190663,0.0428522714974125,4
0.00238421960458464,0.000569796798829058,0.00287329519024625,0.0426761283942003,4
0.00237912573462922,0.000566046055193917,0.00286969898246395,0.0425033726583576,4
0.00237407520059039,0.000562395512328124,0.0028661712738775,0.0423339075079595,4
0.00236906677597995,0.000558841528132606,0.00286271012583042,0.0421676398132294,4
0.00236409928015972,0.000555380626519222,0.00285931367213936,0.0420044799258773,4
0.00235917157621885,0.000552009488355577,0.00285598011573887,0.0418443415179206,4
0.00235428256896802,0.000548724942982959,0.00285270772551087,0.041687141429376,4
0.00234943120304294,0.000545523960266271,0.00284949483328702,0.0415327995242595,4
0.00234461646111048,0.000542403643138011,0.00284633983101315,0.0413812385543703,4
0.00233983736217086,0.000539361220601502,0.00284324116806559,0.041232384030372,4
0.0023350929599499,0.000536394041161193,0.00284019734871003,0.0410861640997188,4
0.00233038234137609,0.000533499566650472,0.00283720692969403,0.0409425094310068,4
0.00232570462513687,0.000530675366429644,0.00283426851796528,0.0408013531043595,4
0.00232105896030981,0.000527919111928863,0.00283138076850771,0.0406626305074819,4
0.00231644452506381,0.000525228571512729,0.00282854238228872,0.0405262792370466,4
0.0023118605254265,0.000522601605644998,0.00282575210431075,0.0403922390050934,4
0.0023073061941136,0.000520036162333479,0.00282300872176097,0.0402604515501477,4
0.00230278078941701,0.000517530272836671,0.00282031106225368,0.0401308605527844,4
0.00229381391463182,0.000512689672511161,0.00281504841501816,0.0398780518857971,4
0.00228495444004393,0.000508065571502673,0.00280995553059669,0.0396333983370997,4
0.00227619725135824,0.000503644832083335,0.00280502432504575,0.0393965115677261,4
0.00226753755392309,0.000499415311636101,0.00280024721966826,0.0391670275098953,4
0.00225897084814229,0.000495365772928856,0.00279561710214855,0.0389446044999978,4
0.00225049290712247,0.000491485803725345,0.00279112729122035,0.0387289215813094,4
0.00224209975632208,0.000487765744636003,0.00278677150449895,0.0385196769587011,4
0.00223378765499616,0.000484196624254903,0.00278254382915172,0.0383165865896991,4
0.00222555307925451,0.00048077010075164,0.00277843869511889,0.0381193828980593,4
0.00221739270657209,0.000477478409192383,0.00277445085062987,0.0379278135976093,4
0.00220930340160836,0.000474314313954976,0.00277057533978842,0.0377416406154819,4
0.00220128220320839,0.000471271065681254,0.0027668074820259,0.0375606391050801,4
0.0021933263124723,0.000468342362277434,0.00276314285324317,0.0373845965401689,4
0.00218543308179208,0.000465522313532049,0.00275957726848161,0.0372133118824174,4
0.0021776000047655,0.000462805408971875,0.00275610676598034,0.0370465948155393,4
0.00216982470690624,0.000460186488620554,0.00275272759249227,0.0368842650398948,4
0.0021621049370779,0.000457660716363312,0.00274943618974415,0.0367261516220593,4
0.00215443855958699,0.000455223555654844,0.00274622918193829,0.0365720923944247,4
0.0021468235468764,0.000452870747337013,0.00274310336420346,0.036421933400401,4
0.00213925797276685,0.000450598289358869,0.00274005569191201,0.036275528381228,4
0.00213174000619905,0.000448402418214214,0.00273708327078824,0.0361327383008,4
0.00212426790543367,0.000446279591931944,0.00273418334774066,0.0359934309052605,4
0.00211684001267063,0.000444226474471992,0.00273135330235688,0.0358574803144327,4
0.00210945474905269,0.00044223992139526,0.00272859063900605,0.0357247666424342,4
0.00210211061002179,0.000440316966689632,0.00272589297949877,0.035595175645071,4
0.00209480616099932,0.000438454810646357,0.0027232580562591,0.0354685983918325,4
0.00208754003336429,0.000436650808691843,0.00272068370596746,0.0353449309605075,4
0.00208031092070577,0.000434902461089475,0.002718167863637,0.0352240741526217,4
0.00207311757532793,0.0004332074034346,0.00271570855708925,0.0351059332280592,4
0.00206595880498806,0.000431563397873367,0.00271330390179811,0.0349904176573759,4
0.00205883346984977,0.000429968324982889,0.00271095209607382,0.0348774408904438,4
0.00205174047963472,0.000428420176256212,0.00270865141656092,0.0347669201401842,4
0.00204467879095831,0.000426917047140951,0.00270640021402679,0.0346587761802527,4
0.00203764740483526,0.000425457130585314,0.00270419690941892,0.034552933155639,4
0.00203064536434283,0.000424038711049507,0.00270203999017121,0.0344493184052276,4
0.00202367175243005,0.000422660158944446,0.00269992800674117,0.0343478622954498,4
0.00201672568986252,0.000421319925463116,0.00269785956936123,0.0342484980642241,4
0.00200980633329293,0.00042001653777313,0.00269583334498904,0.034151161674452,4
0.00200291287344861,0.000418748594541787,0.00269384805444256,0.0340557916763925,4
0.0019960445334278,0.00041751476176752,0.002691902469707,0.0339623290782941,4
0.00198920056709714,0.000416313768893891,0.00268999541140185,0.0338707172247126,4
0.00198238025758337,0.000415144405184371,0.0026881257463968,0.0337809016819856,4
0.00197558291585301,0.000414005516338019,0.00268629238556661,0.0336928301303795,4
0.00196880787937384,0.00041289600132786,0.00268449428167546,0.0336064522624582,4
0.00196205451085296,0.000411814809445301,0.00268273042738224,0.0335217196872591,4
0.00195532219704628,0.000410760937535333,0.0026809998533587,0.033438585839894,4
0.0019486103476347,0.000409733427408488,0.00267930162651317,0.033357005896218,4
0.0019419183941628,0.000408731363416735,0.00267763484831292,0.0332769366922397,4
0.00193524578903592,0.000407753870181471,0.00267599865319893,0.0331983366479674,4
0.00192859200457192,0.000406800110462773,0.002674392207087,0.0331211656954091,4
0.00192195653210422,0.000405869283159912,0.00267281470595006,0.0330453852104645,4
0.00191533888113295,0.000404960621433931,0.00267126537447628,0.0329709579484654,4
0.00190873857852101,0.000404073390943803,0.0026697434647985,0.0328978479831387,4
0.00190215516773263,0.000403206888188354,0.00266824825529051,0.0328260206487828,4
0.00189558820811156,0.00040236043894673,0.00266677904942613,0.0327554424854591,4
0.00188903727419657,0.000401533396810746,0.00266533517469734,0.0326860811870203,4
0.00188250195507211,0.000400725141802946,0.00266391598158785,0.0326179055518027,4
0.00187598185375198,0.000399935079074684,0.00266252084259886,0.032550885435826,4
0.00186947658659407,0.000399162637678941,0.00266114915132397,0.0324849917083532,4
0.00186298578274431,0.000398407269413009,0.00265980032157033,0.0324201962096716,4
0.00184746474251697,0.000396660936092253,0.00265665305214517,0.0322690067127478,4
0.00183142755070807,0.000393535727815186,0.00264998186456365,0.0320135232437306,5
0.00181500128951977,0.000389112215003526,0.00263991918532725,0.0316576240407189,5
0.00179882508037654,0.000384909313674944,0.00263022919791441,0.0313149062896706,5
0.0017828852840759,0.00038091194982015,0.00262089157368023,0.0309846510022968,5
0.00176716923564416,0.000377106339456108,0.00261188743602584,0.0306661905466149,5
0.00175217453747917,0.000372408712678739,0.00260126640238669,0.0302624912516799,6
0.00173762472400616,0.000367510666501014,0.00259024947028851,0.0298346957286292,6
0.00172330967562695,0.000362837422834212,0.0025796059935157,0.0294214017487327,6
0.00170921765408686,0.000358374852172965,0.00256931729930197,0.0290218842348328,6
0.0016953376908528,0.000354109937898346,0.00255936593932476,0.0286354656558149,6
0.001681659525039,0.000350030671742226,0.00254973559095972,0.0282615121922492,6
0.0016681735472445,0.000346125960593293,0.0025404109679396,0.0278994302672093,6
0.0016548707486559,0.000342385543255064,0.00253137773938886,0.027548663402327,6
0.0016417426748483,0.000338799915955266,0.00252262245633199,0.0272086893640564,6
0.0016287813837862,0.000335360265566931,0.0025141324848829,0.0268790175693697,6
0.00161597940758549,0.000332058409638761,0.00250589594541737,0.0265591867237782,6
0.00160320306428816,0.000328813664571707,0.0024975762319232,0.0262552244476061,7
0.00158986157192085,0.00032527937804318,0.00248763265532002,0.0259971051814088,7
0.00157670296979661,0.000321882218253177,0.00247797318090551,0.0257463607513886,7
0.00156371953015871,0.000318614885282786,0.00246858580436182,0.0255026795447493,7
0.00155090395457021,0.000315470567259539,0.00245945918827768,0.0252657672605165,7
0.00153824934450853,0.000312442901356606,0.00245058261646982,0.025035345723797,7
0.00152574917434421,0.000309525938399968,0.00244194595200812,0.0248111517961781,7
0.00151339726648135,0.000306714110705791,0.00243353959859872,0.0245929363732956,7
0.00150118776846069,0.000304002202814213,0.0024253544650159,0.0243804634615416,7
0.00148911513184681,0.0003013853248242,0.00241738193230535,0.0241735093267163,7
0.00147717409273946,0.000298858888067627,0.00240961382351046,0.0239718617081686,7
0.00146535965376497,0.00029641858289011,0.00240204237569771,0.0237753190926221,7
0.00145366706741835,0.000294060358331857,0.00239466021408029,0.0235836900424642,7
0.00144209182063931,0.000291780403524397,0.00238746032805836,0.0233967925737917,7
0.00143062962051685,0.000289575130638938,0.00238043604901257,0.0232144535799649,7
0.00141927638102724,0.000287441159239635,0.00237358102970283,0.0230365082968327,7
0.00140802821071929,0.000285375301910494,0.00236688922513855,0.0228627998061561,7
0.00139688140126896,0.000283374551038341,0.00236035487479932,0.0226931785740835,7
0.00138629315599361,0.000281124445930489,0.0023533612499945,0.0225250897539213,8
0.00137638229256824,0.000278560910806776,0.00234577426217582,0.022357888816462,8
0.00136657324643092,0.000276075698712376,0.00233835970589849,0.0221944879003086,8
0.00135686258553823,0.000273665500934018,0.00233111176886334,0.0220347589148552,8
0.00134724703038202,0.000271327185198227,0.00232402489709563,0.021878579462412,8
0.00133772344560833,0.000269057784379963,0.00231709378075139,0.021725832525407,8
0.00132828883218295,0.000266854486050671,0.00231031334084942,0.0215764061739891,8
0.0013189403200624,0.000264714622794872,0.00230367871685932,0.0214301932924942,8
0.00130967516133268,0.000262635663231142,0.00229718525508178,0.0212870913233715,8
0.00130049072378146,0.000260615203679275,0.00229082849776271,0.021147002027283,8
0.0012913844848719,0.000258650960420802,0.00228460417288778,0.0210098312581963,8
0.00128235402608932,0.00025674076250487,0.00227850818460822,0.0208754887523898,8
0.00127339702763391,0.00025488254505582,0.00227253660425273,0.0207438879303752,8
0.00126451126343515,0.000253074343042693,0.00226668566188421,0.0206149457108255,8
0.00125569459646534,0.000251314285474434,0.00226095173836307,0.0204885823356669,8
0.00124476781175915,0.000249179209347127,0.00225394360961501,0.020334138210473,8
0.00123395776187397,0.000247049451776785,0.00224686051415878,0.0201806870608339,9
0.00122330618007659,0.000244776960149897,0.00223913056469866,0.0200217109822704,9
0.00121276107996358,0.000242577043259685,0.00223158466165425,0.0198665200484345,9
0.00120231870335783,0.000240446495508677,0.00222421630926971,0.0197149806659831,9
0.0011919754668812,0.000238382290008411,0.00221701931391737,0.0195669654552165,9
0.00118172795190854,0.000236381566626553,0.00220998776673405,0.0194223528929734,9
0.00117157289520676,0.000234441620962385,0.00220311602744126,0.0192810269798721,9
0.00116131583053493,0.000232545562471886,0.00219614358353483,0.01915233038072,10
0.00115090481721325,0.000230687915559176,0.00218900043722954,0.0190385602063428,10
0.00114058636209492,0.000228885257374907,0.00218201428315075,0.0189272904753585,10
0.00113035744697766,0.000227135338045445,0.00217518000198671,0.0188184396515695,10
0.00112021518347434,0.000225436023900387,0.00216849269461114,0.0187119297057115,10
0.00111015680610792,0.000223785290268789,0.00216194767037123,0.0186076859289143,10
0.0011001796658425,0.000222181214794277,0.00215554043611531,0.0185056367579444,10
0.00109028122401866,0.00022062197122661,0.00214926668590639,0.0184057136113696,10
0.001080459046664,0.00021910582365111,0.00214312229137189,0.0183078507358583,10
0.0010707107991519,0.000217631121120878,0.0021371032926442,0.018211985061888,10
0.00106103424118411,0.00021619629265986,0.00213120588985042,0.0181180560682,10
0.00105148599401982,0.000214734232698353,0.00212515715751159,0.0180182227793924,11
0.00104205521446497,0.000213262074235028,0.00211902868935186,0.0179145999129822,11
0.00103269738183572,0.000211828040274267,0.00211302038723448,0.017813008867482,11
0.00102341037146434,0.000210430753342386,0.00210712875117763,0.0177133904636419,11
0.00101419214040108,0.000209068899117903,0.00210135041581418,0.0176156877983373,11
0.00100504072352286,0.000207741222944496,0.00209568214398147,0.0175198461361813,11
0.000995954229862174,0.000206446526568249,0.00209012082067389,0.0174258128072735,11
0.00098693083914189,0.000205183665082767,0.00208466344733469,0.0173335371106818,11
0.000977968798502557,0.000203951544067069,0.00207930713646473,0.0172429702232862,11
0.000969066419409836,0.000202749116902446,0.00207404910652816,0.017154065113641,11
0.000960222074730637,0.000201575382255503,0.0020688866771359,0.0170667764605348,11
0.000951434195967298,0.000200429381715702,0.00206381726448944,0.016981060575953,11
0.00094270127063993,0.000199310197576587,0.00205883837706881,0.0168968753321674,11
0.000934068788302602,0.000198194523195125,0.00205386784435506,0.0168098337254562,12
0.000925709276124158,0.000197001059739252,0.00204861531663789,0.0167042022830914,12
0.000917403264587774,0.000195834934372362,0.00204345413722886,0.0166004079092895,12
0.000909149370056151,0.000194695271313025,0.0020383819436717,0.0164984030936566,12
0.000900946256195836,0.00019358123044138,0.00203339645427791,0.0163981419500858,12
0.000892792631972813,0.000192492005547719,0.00202849546470436,0.0162995801479314,12
0.000884687249749166,0.000191426822681395,0.00202367684470347,0.0162026748466536,12
0.000876535577104117,0.000190353376142423,0.00201865583395866,0.0161087478088603,13
0.000868416058652326,0.000189298082247646,0.00201366945625058,0.0160166064689714,13
0.000860343792894103,0.000188265742548402,0.00200876482243936,0.0159259756428512,13
0.000852317627324726,0.000187255660397834,0.00200393993877141,0.0158368184887004,13
0.000844336446617046,0.000186267165998505,0.00199919287580778,0.015749099353165,13
0.000836399171134382,0.00018529961515475,0.00199452176585157,0.0156627837237981,13
0.000828504755514235,0.000184352388092635,0.00198992480049784,0.0155778381837862,13
0.000820652187318905,0.000183424888343366,0.00198540022829928,0.0154942303688139,13
0.000812838562522288,0.000182512623194357,0.00198091935096617,0.0154099289977636,14
0.00080506344774633,0.00018161580706394,0.00197648540330875,0.015325265056831,14
0.00079792690944042,0.000180603251800984,0.00197184804614682,0.0152264660484883,15
0.00079086858056315,0.000179602176464445,0.00196726283640526,0.0151281153511061,15
0.000783846101943035,0.000178621363272052,0.00196274709953858,0.0150312548158054,15
0.000776858664927654,0.000177660241137111,0.00195829926848944,0.0149358508299077,15
0.000769905485003471,0.000176718259399235,0.00195391782297835,0.014841870784098,15
0.000762985800901791,0.000175794886943605,0.00194960128777112,0.0147492830352633,15
0.000756098873744178,0.000174889611364507,0.00194534823102283,0.0146580568709703,15
0.000749243986225286,0.000174001938170647,0.00194115726269421,0.014568162475499,15
0.00074242044183123,0.000173131390029827,0.00193702703303703,0.0144795708973535,15
0.000735614638633828,0.000172274114385749,0.00193291973361479,0.0143913824830378,16
0.000728834858934357,0.000171431991837636,0.00192885880179781,0.0143041599944931,16
0.000700202560164238,0.000167883851978997,0.00191176435861266,0.0139361755272415,17
0.000674473109619895,0.000164155826565182,0.00189469808708775,0.013567955037041,18
0.000648338459303321,0.000160731279487963,0.00187793274738624,0.0132291926564057,19
0.000622521663218307,0.000157553779259054,0.00186194472672287,0.0129073057274983,19
0.000597104604354594,0.000154603198945042,0.00184681379582702,0.012602674592718,19
0.000572055977990031,0.000151857452436247,0.00183247283321088,0.0123139478946932,19
0.000547347665010203,0.000149297129089207,0.00181886154775329,0.0120399117918712,19
0.000522954336747162,0.000146905110077209,0.00180592563142145,0.011779472900258,19
0.000498853117215891,0.000144666247803922,0.00179361603506099,0.0115316437128942,19
0.00047572225679171,0.000142453196234041,0.00178154322227042,0.0112920543314379,20
0.000453336715990711,0.000140241510461516,0.00176926955582127,0.011076127375677,23
0.000431182453318808,0.000138136981589532,0.00175729747657831,0.0108776426653583,23
0.000409271562391582,0.000136154395296139,0.00174585387621534,0.0106879195891114,23
0.000387588276600986,0.000134284010743608,0.00173490451772852,0.0105063905327688,23
0.00036611816245055,0.000132517063073125,0.00172441805895008,0.0103325358755562,23
0.000344847981574088,0.000130845646944222,0.00171436575292362,0.0101658790226231,23
0.000323765569544633,0.000129262616086845,0.0017047211847391,0.0100059820420398,23
0.000302859729137365,0.0001277614963869,0.00169546003975457,0.00985244182215256,23
0.000282120136074522,0.000126336410451081,0.00168655989892237,0.00970488667830286,23
0.000261561783921854,0.000124949872675115,0.00167766034090649,0.00955021504928086,24
0.000242104587789066,0.000123509115142797,0.00166863486768837,0.00939029878155136,26
0.000223787150138354,0.000122037479365882,0.0016597614906769,0.00921757100400367,26
0.000205598221996503,0.000120635112503139,0.00165120898682579,0.00905108929351611,26
0.000187957738397851,0.000119256682629354,0.00164288926647596,0.00888848160536062,27
0.00017079294214554,0.000117906622063226,0.00163480016609726,0.00872983302779374,27
0.000153731207030165,0.00011661667450404,0.00162698852826454,0.00857662622201675,27
0.000136767319842464,0.000115383112689876,0.00161944031790737,0.00842858592330877,27
0.00011989641314726,0.00011420250135502,0.00161214243085285,0.00828545512430283,27
0.000103113937083567,0.000113071669823484,0.00160508261790551,0.0081469935859922,27
8.63963882126663e-05,0.000111981297906612,0.00159814390995193,0.0080203356014064,28
6.97617009943329e-05,0.000110935337852978,0.00159142475187768,0.00789765496577504,28
5.32059448137747e-05,0.0001099312405278,0.00158491456283445,0.00777878975661069,28
3.67254938636048e-05,0.000108966660754383,0.00157860374353812,0.00766356470697315,28
2.03169410626324e-05,0.000108039419910703,0.00157248327377974,0.00755181512286993,28
3.88826675431987e-06,0.000107144494178642,0.00156641214019285,0.0074509326236101,29
-1.25228037863576e-05,0.000106281395072832,0.00156044184329155,0.00735738399576606,29
-2.88660304103518e-05,0.000105450157199864,0.0015546438302076,0.00726653488437479,29
-4.51443079893827e-05,0.000104649128511042,0.00154901074966216,0.00717827010219159,29
-6.13603690075421e-05,0.000103876765809279,0.00154353566274581,0.00709248092339216,29
-7.74829960362613e-05,0.000103128472429535,0.00153819640535979,0.00700787833709244,30
-9.35447986015418e-05,0.000102405812758047,0.00153300086070544,0.00692543537189098,30
-0.000109552388287341,0.000101707921926363,0.0015279451547271,0.00684521136848585,30
-0.000125507924748709,0.00010103360417654,0.00152302371673183,0.00676711793105469,30
-0.000141413454432982,0.00010038173724628,0.00151823126803886,0.00669107129742718,30
-0.000157270917901661,9.97512669250643e-05,0.00151356280309317,0.006616992039396,30
-0.000173082156591292,9.91412020796191e-05,0.00150901357202624,0.00654480478599037,30
-0.000188848919062869,9.85506101027575e-05,0.00150457906453618,0.00647443796768517,30
-0.000204572866784311,9.79786127446224e-05,0.00150025499497212,0.00640582357972092,30
-0.000220255579486222,9.74243822898161e-05,0.00149603728851937,0.00633889696288917,30
-0.000235898560127259,9.6887138047789e-05,0.00149192206839164,0.00627359660029819,30
-0.000251503239501864,9.63661431272865e-05,0.00148790564394566,0.00620986392877589,30
-0.000267070980520061,9.58607014687061e-05,0.00148398449964164,0.0061476431636948,30
-0.000282650647944436,9.53709149016512e-05,0.00148012176248775,0.00608730228465736,31
-0.000298348679883859,9.48966381441846e-05,0.00147621845341239,0.00603012243412325,32
-0.000314042926683251,9.44361218819288e-05,0.0014723737122499,0.00597468332255793,32
-0.000329644749200226,9.39846098204017e-05,0.00146859411869679,0.00592137647208069,33
-0.000345106866011146,9.35382696869936e-05,0.00146485865243218,0.00587088313305512,33
-0.000360534939955251,9.310430257181e-05,0.00146120591369983,0.00582150804514936,33
-0.000375930089542903,9.2682221092765e-05,0.00145763318440896,0.00577321446717245,33
-0.000391293384815691,9.22715624534213e-05,0.00145413786425273,0.00572596725005171,33
-0.000462787894149694,9.05199522762805e-05,0.0014381311036522,0.00546873923246849,35
-0.000497522785754826,8.97354249567669e-05,0.0014306671580037,0.00533777475259304,35
-0.000531841600012859,8.89748487407983e-05,0.00142338070106618,0.00520927587223021,37
-0.00056573315762712,8.82023802433868e-05,0.00141551280858996,0.00505749845670981,41
-0.000599411781999759,8.74438141357948e-05,0.00140742375241673,0.00489290900925721,41
-0.00063294528994797,8.67249702796069e-05,0.00139967120098032,0.00473516648281864,41
-0.000666462406380278,8.6046208328097e-05,0.00139219312786944,0.00458443819116148,42
-0.000699902744968035,8.54028874424431e-05,0.00138499524472061,0.00443999083460483,42
-0.000733218939806637,8.47910902088557e-05,0.00137807920639387,0.00430119954923865,42
-0.000766373199871592,8.42033019506903e-05,0.00137133812840156,0.00416213043949212,43
-0.000799344347234277,8.36351921174844e-05,0.00136471624880563,0.00401996122576039,43
-0.000832204932852874,8.30931894924071e-05,0.00135833927514071,0.0038830500483829,43
-0.000865147329488952,8.25813493524064e-05,0.00135216190062316,0.00375290815564941,44
-0.000898450596074111,8.21061631944346e-05,0.00134612664025374,0.00363180557231873,44
-0.000931671099206916,8.16482429459452e-05,0.00134019126076401,0.00351585711049462,46
-0.000964913505452847,8.12067079691198e-05,0.00133425141392286,0.00340431963850091,46
-0.000998060351885735,8.07837849837631e-05,0.00132851265564664,0.00329655817467365,46
-0.00103111641037843,8.03783646524741e-05,0.0013229649443809,0.0031923841603464,46
-0.00106408614028821,7.99894218805267e-05,0.00131759889620447,0.00309162138578302,46
-0.00109711116778059,7.96130795393453e-05,0.00131217965177885,0.00300235837922655,48
-0.00113025687948666,7.92558110903105e-05,0.00130685931154039,0.00291811144616144,48
-0.00116332813385043,7.8912337323044e-05,0.00130169600327815,0.00283714010377084,49
-0.00119650937551642,7.85834959068523e-05,0.00129655203212847,0.00276834771498565,50
-0.00122966666334968,7.82678507509626e-05,0.0012915364789657,0.00270346931870378,50
-0.00126274973326127,7.79639206536422e-05,0.00128667047211284,0.00264052537001746,50
-0.00129600244835048,7.76768166604552e-05,0.00128189690456838,0.00257991186347903,51
-0.0013292200469812,7.74002243313032e-05,0.00127723250737544,0.00252180900029554,52
-0.00136246990169501,7.71325656084873e-05,0.00127257137090494,0.00246591625529358,53
-0.00139569802138291,7.68754691181402e-05,0.00126803698356065,0.00241071262585018,53
-0.00142886358526168,7.66273070724481e-05,0.00126362841699646,0.00235704079402207,53
-0.00146196916141191,7.63876397852675e-05,0.00125934050593824,0.0023048378754861,53
-0.00149451739633569,7.61388851335993e-05,0.00125504809305141,0.00224782887452407,55
-0.00152722192291347,7.59013306247281e-05,0.00125076677795157,0.00219511922231421,56
-0.00155986095073146,7.56695703806062e-05,0.00124653424075927,0.00214883926138361,56
-0.00159244491051044,7.54452811814177e-05,0.00124241152988134,0.00210376017768275,56
-0.00162497591816519,7.52281206845481e-05,0.00123839442539042,0.00205983582913088,56
-0.00165745598257982,7.50177666251198e-05,0.00123447892081854,0.00201702240768246,56
-0.0016898870122907,7.48139153921068e-05,0.00123066120982867,0.0019752782935901,56
-0.0017223176989489,7.46171703072491e-05,0.00122692595744512,0.00193497203227057,57
-0.0017547145329806,7.4426574263055e-05,0.00122327876971988,0.00189575081287849,57
-0.0017870671695197,7.4241643313131e-05,0.00121971938466211,0.00185747380802732,57
-0.00181910961568348,7.40544248200417e-05,0.00121619612162798,0.00181846174152975,58
-0.00185108114028502,7.38717623355989e-05,0.00121275020258395,0.00178018097845203,58
-0.00188301376034558,7.36943249311232e-05,0.00120938434957668,0.00174278967010176,58
-0.00191490881621593,7.35218991840577e-05,0.00120609580414732,0.00170625717272067,58
-0.00194676758737506,7.33542828643274e-05,0.001202881933112,0.00167055423423208,58
-0.00197859129584692,7.31912842228414e-05,0.00119974022152997,0.00163565291612406,58
-0.00201038110938967,7.30327213328747e-05,0.00119666826614019,0.00160152652053594,58
-0.00204213814447479,7.28784214798435e-05,0.00119366376923026,0.00156814952214824,58
-0.00207386346907207,7.27282205954199e-05,0.00119072453290484,0.00153549750451082,58
-0.00210555810525509,7.25819627323128e-05,0.0011878484537236,0.00150354710047552,58
-0.00213722998689815,7.24395588566192e-05,0.00118502928116355,0.00147297438180517,59
-0.00216887188332286,7.23007998064882e-05,0.00118227018770787,0.00144291682475145,59
-0.00220048597078301,7.21655617854743e-05,0.00117956852934414,0.00141348496544264,59
-0.00223207310866817,7.20337166361342e-05,0.00117692253113688,0.00138465946773608,59
-0.00226333764067804,7.18971884614455e-05,0.00117424668263482,0.00135317353110507,60
-0.00229443310349541,7.176020068999e-05,0.0011715845898311,0.00132076277525133,60
-0.00232554157560043,7.16268116809375e-05,0.00116895149928331,0.0012889538925212,61
-0.00235666168754359,7.14968868249072e-05,0.00116634741075371,0.00125773064940822,61
-0.00238775784039325,7.13700514383034e-05,0.00116379434430532,0.00122711916539166,61
-0.00241883073146631,7.12461999290236e-05,0.00116129081496712,0.00119710163554259,61
-0.00244988103127961,7.11252313598377e-05,0.00115883539484016,0.00116766093923089,61
-0.00248131281994287,7.10132186359613e-05,0.00115633930468425,0.0011402727379207,63
-0.00251297613538361,7.09068545802828e-05,0.00115379458209926,0.00111497200389894,65
-0.00254441632144063,7.07968171747896e-05,0.00115117753508338,0.00109456352932085,65
-0.00257583284981267,7.06892862105807e-05,0.0011486089174073,0.00107453272046449,65
-0.00260710579392621,7.05803437760151e-05,0.0011460039863634,0.0010564690390168,66
-0.00263827709142721,7.04713868073347e-05,0.00114339370312139,0.00103974400907473,66
-0.00266942368775377,7.03648034569328e-05,0.00114083041943914,0.00102332012233107,66
-0.00270070730271315,7.02625415139758e-05,0.00113826230925671,0.00100802476051943,67
-0.00273197428648055,7.01625688258347e-05,0.00113573732004359,0.000993037950528377,67
-0.00276321786171894,7.00647239511837e-05,0.00113325659901627,0.000978313889734735,67
-0.0027943704068426,6.99672110750351e-05,0.00113079013446687,0.000963950705609851,68
-0.00282534692493007,6.98678987145601e-05,0.0011283027935801,0.0009505373969873,69
-0.00285630077148024,6.9770627182473e-05,0.00112585777495941,0.000937365143533752,69
-0.00288723297061264,6.96753466396968e-05,0.0011234541703349,0.000924416003168017,69
-0.00291814406770796,6.95819983469194e-05,0.00112109093633071,0.000911684354823929,69
-0.00294903458997917,6.94905258049461e-05,0.00111876706432786,0.000899164764684164,69
-0.00297990504722178,6.9400874650585e-05,0.001116481579029,0.000886851978447596,69
-0.00301075054472629,6.93125575614435e-05,0.00111421303714912,0.000875033726406043,70
-0.00304140146671017,6.92214636436725e-05,0.00111188635191019,0.00086531962593082,71
-0.00309205317223782,6.90811868898063e-05,0.0011080829906624,0.000851094736752028,73
-0.00314326873390099,6.89534697515437e-05,0.0011042650027941,0.00084068722541307,74
-0.00319432522311967,6.88274045897758e-05,0.00110050482328234,0.00083153354742566,75
-0.00324402777121012,6.86828339345409e-05,0.00109672733345286,0.000820197961460184,76
-0.00329303585585244,6.85312685308162e-05,0.00109296533011979,0.000807037262048877,77
-0.00334134424204644,6.83724265491038e-05,0.00108918899833549,0.000792802769470278,77
-0.00338995104279915,6.82216595023318e-05,0.00108538982055382,0.000782529244403767,80
-0.00343866159188497,6.80762424337925e-05,0.00108160090571885,0.00077409940486086,80
-0.00348739894185315,6.79357849697227e-05,0.00107788580811221,0.000766099062027915,81
-0.00353650553887992,6.7803581948508e-05,0.00107413803361863,0.000757606897428033,82
-0.00358558247597709,6.76745901290947e-05,0.00107042932490463,0.000748143914648354,83
-0.0036345056924825,6.7546590043179e-05,0.00106673697452276,0.000738032827093809,83
-0.00368345698393526,6.74229051045936e-05,0.00106311553542814,0.000728168234699197,84
-0.00373259856257277,6.73052044005125e-05,0.00105953199074372,0.000718581149227043,84
-0.00378168504386412,6.71896469969185e-05,0.00105596953991401,0.000707601990225278,86
-0.00383089757897793,6.7078906990889e-05,0.00105244684995879,0.000695803020102672,86
-0.00387948360590715,6.6961685773533e-05,0.00104889646702488,0.000688728319337585,88
-0.00392812170958611,6.68478890334715e-05,0.00104536123450417,0.000685143286786088,90
-0.00397703258959126,6.67401975035347e-05,0.00104183026267456,0.000682932113038943,90
-0.00402596241828981,6.66358109656083e-05,0.00103835921509641,0.000681213978244553,91
-0.00407500387169474,6.65354795617562e-05,0.00103492095864813,0.000680225960243434,92
-0.00412407651411036,6.64381399762086e-05,0.00103152314804342,0.000678605126201056,93
-0.00417310402073727,6.63430016025259e-05,0.00102818730490076,0.000677113562153407,94
-0.0042223652514093,6.62529670096763e-05,0.00102486973575707,0.000677776243586032,94
-0.00427159580229129,6.61651790035941e-05,0.00102161851799624,0.000678425671390004,94
-0.00432079658466412,6.60795577407087e-05,0.00101843168078514,0.000679062239237462,94
-0.00436996847407218,6.5996027017774e-05,0.00101530733057818,0.000679686325362421,94
-0.00441911231205815,6.59145140706756e-05,0.00101224364736552,0.000680298293310197,94
-0.00446822890779763,6.58349493862423e-05,0.00100923888113773,0.000680898492643592,94
-0.00451731903964056,6.57572665261063e-05,0.00100629134855237,0.000681487259608732,94
-0.00456654613555625,6.56829905659069e-05,0.00100337146443266,0.000681399855776951,95
-0.00461580821369605,6.56110305372163e-05,0.00100049600028967,0.00068107252851344,95
-0.00466493798507106,6.5539418853781e-05,0.000997667803895622,0.000680189039708879,96
-0.00471383955191827,6.54668430406247e-05,0.000994869161224203,0.000678360594138583,97
-0.00476261077564444,6.53943071159285e-05,0.000992088250557267,0.000675873668107612,98
-0.0048114446444994,6.53236906302114e-05,0.000989299083463375,0.000672914193011321,99
-0.00486038734014333,6.52559125389624e-05,0.000986542423347704,0.00067000349621924,100
-0.00490946072120173,6.51909203269404e-05,0.00098379847635368,0.000667370738632023,100
-0.00495851281086405,6.51273627154019e-05,0.000981102668780604,0.000664784169774406,100
-0.00500754416455801,6.50651946671251e-05,0.000978453744817494,0.000662242584723008,100
-0.00505655531855866,6.5004372958145e-05,0.000975850491957197,0.00065974482010353,100
-0.00510554679080685,6.49448560892376e-05,0.000973291739145793,0.000657289752315156,100
-0.00515451777646358,6.48863643750595e-05,0.000970755020542041,0.000654247400246566,101
-0.0052034688518589,6.4828947651117e-05,0.000968246964527434,0.000650844334595403,101
-0.00525241351482418,6.47728517721744e-05,0.000965780255304568,0.000647522406969937,102
-0.00530132212497741,6.47175821171444e-05,0.000963339823962168,0.00064420525616984,103
-0.00535023270156634,6.46630661061232e-05,0.000960882550391283,0.000640874048102819,104
-0.00539920613223422,6.46103461042427e-05,0.000958451924423271,0.000637674092364249,104
-0.00544816192419059,6.45586938134122e-05,0.000956060502099904,0.000634525748815011,104
-0.00549710050076454,6.45080784329825e-05,0.000953707342533711,0.000631427778762562,104
-0.00558444927573839,6.44201804558178e-05,0.000949597599065994,0.000626017239516029,104
-0.00567176424155313,6.43354805803957e-05,0.000945599475287567,0.000620796918235178,105
-0.00575942363791206,6.42569147156241e-05,0.000941654611003022,0.000616604284037012,105
-0.00584713684742299,6.41819071460695e-05,0.000937807622304356,0.000612194052886333,106
-0.00593488962336655,6.4110158350412e-05,0.000934055914177586,0.000607624892947278,106
-0.0060222593863435,6.40366825835179e-05,0.000930294722724161,0.000602941218061725,108
-0.0061095020704973,6.39633578139705e-05,0.000926467289039461,0.000600072160661755,110
-0.00619673964414279,6.38926623599244e-05,0.000922728447391643,0.000597414094127058,110
-0.0062840804739926,6.38252969235314e-05,0.000919060178805936,0.000594690199650938,112
-0.00637164479370538,6.37619687110527e-05,0.00091543734470064,0.000591209964727028,113
-0.0064592201458195,6.37010138943492e-05,0.000911897176240912,0.000587061207529144,113
-0.00654625767967596,6.36371364779738e-05,0.000908378307743831,0.000580212515097637,114
-0.00663322767248864,6.35749073964872e-05,0.000904939918809124,0.000573343140049421,114
-0.00672016507316878,6.351457057872e-05,0.000901583396277623,0.000566637321549973,114
-0.00680707103202697,6.34560449169609e-05,0.000898305850746863,0.000560089287015216,114
-0.00689433229104641,6.34021606941126e-05,0.000895076022801705,0.000554312797629398,115
-0.00698170051805245,6.33508572312732e-05,0.000891906023548638,0.000548839148682916,116
-0.00706900580394106,6.33006649213103e-05,0.000888792071880806,0.000543240374940217,116
-0.00715628369442118,6.32519354354303e-05,0.000885748096654949,0.000537767416337804,116
-0.0072435351026731,6.3204608973303e-05,0.000882771765322999,0.000532416079037666,116
-0.00733076090173729,6.31586288431059e-05,0.000879860847866477,0.000527182353546321,116
-0.00741806543487925,6.31145892698581e-05,0.000876994869159238,0.000522207695158939,118
-0.00750568931235017,6.30739609302297e-05,0.000874136925523206,0.000518034539319012,118
-0.00759329010131485,6.30344779080788e-05,0.000871339789198579,0.000513950174028871,118
-0.00768086853088404,6.29960952588101e-05,0.000868601539954471,0.000509951795376416,118
-0.00776843788146614,6.29588022250457e-05,0.000865912137968705,0.000505787368317691,119
-0.00785511642639879,6.2915315564489e-05,0.000863148730394692,0.000499701293949323,121
-0.00794170439191309,6.28722693868118e-05,0.000860413322240552,0.000493568880871023,122
-0.00802832517324864,6.28304739665793e-05,0.000857699002024719,0.000486489792523639,123
-0.00811498763331914,6.27901135876051e-05,0.000855028593481598,0.000479202318137959,123
-0.00820163130586498,6.27507887042217e-05,0.00085241106431557,0.000472059150175758,123
-0.00828821665776621,6.27121399229348e-05,0.000849838016718575,0.000465148809528148,124
-0.00837457007008997,6.26727582978356e-05,0.000847278650877263,0.000458864507972322,124
-0.00846090694844599,6.26343540042218e-05,0.000844768503609821,0.000452701058369493,124
-0.00854722776523336,6.25968928926976e-05,0.000842306168671283,0.000446655007806718,124
-0.00863353297502477,6.25603423352369e-05,0.000839890292882529,0.000440723033669655,124
-0.00871984368490984,6.25245379770194e-05,0.00083747854872027,0.000433788222279969,125
-0.00880649399878042,6.24914239839467e-05,0.000835039987314202,0.000426150631677965,126
-0.00889314968834561,6.24592223333168e-05,0.000832643503556572,0.000418644949521199,126
-0.00897966827636469,6.24269801983069e-05,0.000830285754797823,0.000411376423132132,127
-0.00906587482206691,6.23935457713283e-05,0.000827958864529433,0.000404480798048345,127
-0.00915226404960611,6.23619780178342e-05,0.000825652433247364,0.000397924522597035,128
-0.00923866771213993,6.23309942351815e-05,0.000823335642967938,0.000392229615315238,131
-0.00932497961896212,6.22998975913524e-05,0.000821003703058126,0.000387084302783766,132
-0.00941120462906231,6.22689037911085e-05,0.000818686708048373,0.000382274053930853,132
-0.00949741835461293,6.22386173369738e-05,0.000816409661228442,0.00037754674040299,132
-0.00958362108496143,6.22090156946414e-05,0.000814171538285775,0.000372900235653382,132
-0.00966933916229707,6.21769631862365e-05,0.000811920346239939,0.000366275783927518,133
-0.00975503048065295,6.21455042215318e-05,0.000809705237007455,0.000359692004486744,133
-0.00984071172157115,6.21147261456944e-05,0.00080752704626218,0.000353217954703316,133
-0.00992638313490548,6.20846082272945e-05,0.000805384858669719,0.000346850914007217,133
-0.010012127624443,6.20555210049586e-05,0.000803263179278407,0.000340644049432987,134
-0.0100978833356549,6.20271467882309e-05,0.000801172457134228,0.000334551635901258,134
-0.0101838359758309,6.20002446306297e-05,0.000799064501594891,0.000329078295130769,136
-0.0102697832180908,6.19738993367555e-05,0.000796984520615528,0.000323602156015425,137
-0.0103559183637104,6.19489420137264e-05,0.00079489119876041,0.000318384474627203,138
-0.0104421626293389,6.1925120504066e-05,0.000792823519255957,0.00031349780934618,138
-0.0105283991264879,6.19018054032202e-05,0.000790788147243762,0.000308687498210172,138
-0.0106146052235181,6.18787729146395e-05,0.000788768642179708,0.000304093420706389,139
-0.0107007816571687,6.18560214200089e-05,0.000786765177975809,0.00029970571060708,139
-0.0107869505491876,6.18337404209121e-05,0.000784792301011664,0.000295384988448219,139
-0.0108731120709756,6.18119164467337e-05,0.000782849316122733,0.000291129731776613,139
-0.0109591037264358,6.17894561655024e-05,0.000780892945009653,0.000284222467365606,140
-0.0110451503094768,6.17676675102466e-05,0.000778946042484736,0.000277214493531062,141
-0.0111313112768709,6.17466748155999e-05,0.000776976008994803,0.000270085929621441,142
-0.0112174902095776,6.17260925933118e-05,0.000775007779980119,0.000262244848099535,143
-0.011303828846478,6.17064140342196e-05,0.000772997900219228,0.000253265896844974,145
-0.0113902656733417,6.1687464033818e-05,0.000770977236182441,0.000244555332740261,146
-0.0114766166427828,6.16682972433922e-05,0.00076894523840509,0.000235966330444263,147
-0.011562904915872,6.16491758448567e-05,0.000766930253099371,0.000227386364065206,147
-0.0132891373412988,6.12812825429684e-05,0.000728956040405178,6.95670059363289e-05,156
-0.015013680891709,6.10153281868374e-05,0.000697766116401689,-6.51027234194917e-05,159
-0.0167477125090082,6.0852076254575e-05,0.000671194318863928,-0.000176002701537654,165
-0.0184851402869199,6.07383496690481e-05,0.000647439858830296,-0.000271483690215975,169
-0.0202247679496913,6.06593248060797e-05,0.000626874952398577,-0.000341137837900546,171
-0.0219708965042066,6.06167816515141e-05,0.000608854660982372,-0.000401075907036991,174
-0.0237232447069279,6.06007015897653e-05,0.000592786805965434,-0.000454235961354382,178
-0.0254871359407685,6.06164832979042e-05,0.000577951877330286,-0.000504820571166072,185
-0.027260277201013,6.06531746536217e-05,0.000564366671335939,-0.000547869310820067,186
-0.0290336455502512,6.06892720835958e-05,0.000552374590501722,-0.000586322765606432,186
-0.0308068901875186,6.07234430966985e-05,0.000541587311152012,-0.000617497843643633,190
-0.0325882823151301,6.0770216803592e-05,0.000531485842827508,-0.000644469049048702,190
-0.0343731223316754,6.08200381564417e-05,0.000522374560583021,-0.000668162810493315,191
-0.0361596997931927,6.08692987361427e-05,0.000514052695333317,-0.000688255693637725,192
-0.037956848071216,6.09314049048937e-05,0.000506101274998124,-0.0007072989172905,195
-0.039754826408052,6.09902829154065e-05,0.000498760316116285,-0.000724546027067801,195
-0.0415531830941747,6.1045684658048e-05,0.000492032214055797,-0.00074035326924119,195
-0.0433534309453732,6.11000721812887e-05,0.000485870844701452,-0.00075528379536162,194
-0.0451540870044955,6.11514549736579e-05,0.000480186269596654,-0.000769092907963091,194
-0.0469565985973272,6.12019250831463e-05,0.000474893342111153,-0.000781397960219224,195
-0.0487608280959888,6.125135305512e-05,0.000469946922063826,-0.000792560091867074,197
-0.050565460521452,6.12982603220063e-05,0.000465341196618278,-0.000803161678411973,196
-0.052371033242909,6.13434993029115e-05,0.000461055531723503,-0.000813202301730445,195
-0.0541762245858875,6.13856797746957e-05,0.000457030413591702,-0.000822352809241122,196
-0.0559802110277776,6.14241493320265e-05,0.000453226171021759,-0.000830538330986073,196
-0.0577843444433496,6.14606830988139e-05,0.00044965279277664,-0.000838227106028824,196
-0.0595874633483841,6.14942002355935e-05,0.000446249631614048,-0.000846198547710494,197
-0.0613917286598411,6.15270800237024e-05,0.000442986763979892,-0.000855347695837654,198
-0.0631966832239516,6.15589659800693e-05,0.000439897857945026,-0.000864248103179157,197
-0.0650021115173042,6.15897296831671e-05,0.000436976271060879,-0.00087259251343291,198
-0.066807533977683,6.16190022706479e-05,0.000434202250161456,-0.000880706502450548,198
-0.0686130484447619,6.16469813306031e-05,0.000431570645513565,-0.000888403925067725,198
-0.0704189556646937,6.16740193202172e-05,0.000429074029405825,-0.000895666899768661,197
-0.0722266955184804,6.17014110371218e-05,0.000426715977730458,-0.000902291351257454,196
-0.0740347576725795,6.17278589891953e-05,0.000424472233137383,-0.000908557981717865,196
-0.0758428885093457,6.17532157601064e-05,0.000422332954385686,-0.000914532845982754,196
-0.0776483361054454,6.17753148314805e-05,0.00042021801283817,-0.000919150389377421,197
-0.079453516702168,6.17962904333089e-05,0.000418188682883792,-0.000923436464456904,197
-0.0812588643455494,6.18165495346129e-05,0.000416251727057978,-0.000927575033394874,196
-0.0830642676137092,6.18360481608325e-05,0.000414397403414769,-0.000931538601002119,196
-0.0848696638951426,6.18547820131832e-05,0.000412616805533763,-0.000935239984071844,197
-0.0866751971307106,6.18728978467047e-05,0.000410906588526282,-0.000938852365128142,198
-0.0884807836805807,6.18903729975682e-05,0.0004092645371766,-0.000942326184890334,198
-0.0902864729594029,6.19072767267435e-05,0.000407687445276326,-0.000945612319887989,197
-0.0920922065216227,6.19235938021955e-05,0.000406161720406729,-0.000948607663677128,198
-0.0938983485481065,6.19395996332057e-05,0.000404691893449267,-0.00095142579023319,197
-0.0957049429899451,6.19553404511526e-05,0.000403278884905379,-0.000954104186319616,197
-0.09751142898419,6.19704695226506e-05,0.000401912861597927,-0.000956658448082346,198
-0.0993174201626427,6.19847698447984e-05,0.000400578325176773,-0.000959027244919316,199
-0.101123391804028,6.19985814791155e-05,0.000399285368023252,-0.000961314509692358,199
-0.102929391810706,6.2011960293925e-05,0.000398037029046072,-0.000963522844098138,199
-0.10473541873931,6.20249261222193e-05,0.000396831037851304,-0.000965656264504903,199
-0.106541471242767,6.20374976175674e-05,0.000395665275514374,-0.000967718519328845,199
-0.108347548062402,6.20496923392624e-05,0.000394537762155689,-0.00096971311101306,199
-0.110153648020797,6.2061526830325e-05,0.000393446645719459,-0.000971643315877993,199
-0.111959770015347,6.20730166890437e-05,0.00039239019182195,-0.00097351220208009,199
-0.113765913012405,6.20841766346471e-05,0.000391366774552099,-0.000975322645885656,199
-0.115572076041976,6.20950205676562e-05,0.000390374868121881,-0.000977077346441519,199
-0.117378258192891,6.21055616254011e-05,0.000389413039276233,-0.000978778839202018,199
-0.119184458608413,6.21158122331409e-05,0.000388479940383116,-0.000980429508152786,199
-0.120990676482237,6.21257841511814e-05,0.000387574303133687,-0.000982031596955293,199
-0.122796911054826,6.21354885183438e-05,0.000386694932790609,-0.00098358721912166,199
-0.124603371749108,6.21450416787558e-05,0.000385843327289698,-0.000985057824244659,198
-0.126410733516901,6.21547843836705e-05,0.000385026625786732,-0.0009863185807954,198
-0.128218110713042,6.2164274724924e-05,0.00038423262414427,-0.000987544295170106,198
-0.130025502703113,6.21735223323236e-05,0.000383460388935392,-0.000988736408316425,198
-0.131832908887007,6.2182536354721e-05,0.000382709037218348,-0.000989896283247148,198
-0.133640328696641,6.2191325489471e-05,0.000381977733168927,-0.000991025210238882,198
-0.13544776159385,6.21998980097672e-05,0.000381265684978851,-0.000992124411620074,198
-0.13725520706844,6.22082617900275e-05,0.000380572141995974,-0.00099319504618571,198
-0.139062664636395,6.22164243294945e-05,0.000379896392084604,-0.000994238213272248,198
-0.140870133838221,6.22243927741882e-05,0.000379237759186408,-0.000995254956522893,198
-0.142677614237411,6.22321739373466e-05,0.000378595601064349,-0.000996246267370315,198
-0.144485105419025,6.22397743184698e-05,0.000377969307213834,-0.000997213088261249,198
-0.146292436243918,6.2247125062287e-05,0.000377352184095785,-0.000997994088089358,199
-0.148099272657371,6.22540900461471e-05,0.000376732102689356,-0.000998282897938909,199
-0.149906118519493,6.2260899145423e-05,0.000376126792771636,-0.0009985648278024,199
-0.151713114371621,6.2267614797369e-05,0.000375534770952829,-0.000998820139257376,200
-0.153520180379532,6.2274207987822e-05,0.000374956110372734,-0.000999060915942339,200
-0.155327254941603,6.22806582802355e-05,0.000374390758985981,-0.000999296154763549,200
